{
  "T1_Text": {
    "acc": 0.8000992063492064,
    "f1": 0.4152215049018602,
    "f1_weighted": 0.8216744834792796,
    "avg_epoch_time": 86.69565924008687,
    "params": 7093255
  },
  "T2_Text+Atomic": {
    "acc": 0.7993551587301587,
    "f1": 0.39277003920873055,
    "f1_weighted": 0.821625130933505,
    "avg_epoch_time": 88.98247742652893,
    "params": 7388935
  },
  "T3_Full": {
    "acc": 0.7400793650793651,
    "f1": 0.35764590039970334,
    "f1_weighted": 0.7819637878460343,
    "avg_epoch_time": 96.50940840584892,
    "params": 8083976
  },
  "Abl_NoGraphNoTopic": {
    "acc": 0.8333333333333334,
    "f1": 0.38485509283157704,
    "f1_weighted": 0.8446429768058564,
    "avg_epoch_time": 89.11363158907209,
    "params": 7394311
  },
  "Abl_NoGraph": {
    "acc": 0.6564980158730159,
    "f1": 0.3094576874164403,
    "f1_weighted": 0.7150911239197038,
    "avg_epoch_time": 90.21509739330837,
    "params": 7395080
  }
}